id,name,role,email,password
u1,"สมชาย ผู้ขอซื้อ",REQUESTER,u1@demo.local,YMazSvLHgPsP
u10,"กมล หัวหน้า Marketing",MANAGER,u10@demo.local,ui2davRMF4Ln
u2,"สมหญิง หัวหน้า",MANAGER,u2@demo.local,Nk8vymZ9Fndm
u3,"วิชัย ผู้อำนวยการ",AUTHORIZED,u3@demo.local,6WLHBSYUEPZi
u4,"พิมพ์ใจ ฝ่ายจัดซื้อ",PURCHASING,u4@demo.local,h4DeViBWHHey
u5,"มานี ฝ่ายการเงิน",FINANCE,u5@demo.local,AeicTPtWi9CG
u6,"ประวิทย์ หัวหน้า IT",MANAGER,u6@demo.local,CS9XicxhmYx9
u7,"นภา หัวหน้า HR",MANAGER,u7@demo.local,5tMicXTgsKg2
u8,"สุรชัย CEO",AUTHORIZED,u8@demo.local,zGeHg8tPKHtt
u9,"อรุณ หัวหน้า Marketing",MANAGER,u9@demo.local,tmX8CiqRwczS
